{
  "thigh": [
    0.43000000000000005,
    1.57
  ],
  "leg": [
    0.43000000000000005,
    1.57
  ],
  "foot": [
    0.43000000000000005,
    1.57
  ],
  "friction": [
    0.27999999999999936,
    1.7200000000000006
  ],
  "gravity": [
    -10.529999999999985,
    -9.090000000000016
  ],
  "force_magnitude": [
    0.0,
    0.7200000000000004
  ]
}